id,label,purchase_time,target_id,timestamp
136,login,,6,"2020-07-02 20:50:30.112821"
137,c_index,,6,"2020-07-02 20:50:30.349930"
138,book_get,,6,"2020-07-02 20:50:48.758540"
139,book_post,,6,"2020-07-02 20:51:04.388301"
140,book_complete,,6,"2020-07-02 20:51:04.618356"
141,reservation_list,,6,"2020-07-02 20:51:08.537536"
142,c_index,,6,"2020-07-02 20:51:13.997150"
143,book_get,,6,"2020-07-02 20:51:19.938805"
144,book_post,,6,"2020-07-02 20:51:33.657681"
145,book_complete,,6,"2020-07-02 20:51:33.917466"
146,reservation_list,,6,"2020-07-02 20:51:44.917157"
147,c_index,,6,"2020-07-02 20:51:50.137652"
148,login,,21,"2020-07-02 22:12:57.693045"
149,c_index,,21,"2020-07-02 22:12:57.768677"
150,book_get,,21,"2020-07-02 22:13:16.473141"
151,book_post,,21,"2020-07-02 22:13:32.869543"
152,book_post,,21,"2020-07-02 22:13:38.225187"
153,book_post,,21,"2020-07-02 22:13:43.921568"
154,book_post,,21,"2020-07-02 22:13:49.266865"
155,book_get,,21,"2020-07-02 22:13:54.479550"
156,book_post,,21,"2020-07-02 22:14:02.363592"
157,login,,15,"2020-07-02 22:46:27.656055"
158,c_index,,15,"2020-07-02 22:46:27.693852"
159,detail,,15,"2020-07-02 22:47:19.940501"
160,rank,,,"2020-07-02 22:47:37.688171"
161,c_index,,15,"2020-07-02 22:48:20.648187"
162,logout,,15,"2020-07-02 22:48:28.005270"
163,login,,27,"2020-07-02 22:49:30.871241"
164,f_index,,27,"2020-07-02 22:49:30.970931"
165,supply_list,,27,"2020-07-02 22:49:36.495005"
166,create_get,,27,"2020-07-02 22:49:42.710800"
167,f_index,,27,"2020-07-02 22:56:55.497830"
168,supply_list,,27,"2020-07-02 22:58:34.388933"
169,create_get,,27,"2020-07-02 22:58:38.641370"
170,c_index,,27,"2020-07-02 23:00:57.559289"
171,f_index,,27,"2020-07-02 23:03:43.203519"
172,logout,,27,"2020-07-02 23:03:51.856849"
173,login,,30,"2020-07-02 23:05:28.097550"
174,f_index,,30,"2020-07-02 23:05:31.352857"
175,create_get,,30,"2020-07-02 23:05:34.395102"
176,logout,,30,"2020-07-02 23:08:28.242501"
177,login,,29,"2020-07-02 23:09:00.698357"
178,f_index,,29,"2020-07-02 23:09:08.081582"
179,detail,,29,"2020-07-02 23:09:18.885380"
180,f_index,,29,"2020-07-02 23:09:23.332524"
181,create_get,,29,"2020-07-02 23:09:32.021514"
182,f_index,,29,"2020-07-02 23:11:03.328989"
183,supply_list,,29,"2020-07-02 23:11:14.298161"
184,logout,,29,"2020-07-02 23:11:32.201287"
185,login,,30,"2020-07-02 23:12:01.861141"
186,f_index,,30,"2020-07-02 23:12:07.564019"
187,supply_list,,30,"2020-07-02 23:12:16.869592"
188,update_get,,30,"2020-07-02 23:12:22.391795"
189,logout,,30,"2020-07-02 23:14:38.302816"
190,login,,28,"2020-07-02 23:14:57.738035"
191,f_index,,28,"2020-07-02 23:15:00.918335"
192,create_get,,28,"2020-07-02 23:15:27.293007"
193,create_post,,28,"2020-07-02 23:16:20.781023"
194,supply_list,,28,"2020-07-02 23:16:20.819967"
195,create_get,,28,"2020-07-02 23:16:48.141331"
196,login,,11,"2020-07-02 23:26:07.680242"
197,c_index,,11,"2020-07-02 23:26:07.772195"
198,book_get,,11,"2020-07-02 23:27:13.067800"
199,book_post,,11,"2020-07-02 23:27:33.696207"
200,book_complete,,11,"2020-07-02 23:27:34.051151"
201,reservation_list,,11,"2020-07-02 23:27:40.619179"
202,c_index,,11,"2020-07-02 23:28:00.024260"
203,book_get,,11,"2020-07-02 23:28:04.768812"
204,f_index,,28,"2020-07-02 23:31:44.375913"
205,detail,,28,"2020-07-02 23:32:01.783560"
206,f_index,,28,"2020-07-02 23:32:05.660273"
207,detail,,28,"2020-07-02 23:32:32.404551"
208,f_index,,28,"2020-07-02 23:32:38.182004"
209,login,,27,"2020-07-02 23:32:56.623082"
210,f_index,,27,"2020-07-02 23:33:03.214658"
211,create_get,,27,"2020-07-02 23:33:06.074892"
212,login,,20,"2020-07-03 00:18:22.694327"
213,contact_form,,20,"2020-07-03 00:18:22.718051"
214,c_index,,20,"2020-07-03 00:19:43.610079"
215,book_get,,20,"2020-07-03 00:20:06.545868"
216,c_index,,20,"2020-07-03 00:20:31.977608"
217,reservation_list,,20,"2020-07-03 00:20:35.083157"
218,c_index,,20,"2020-07-03 00:20:39.393776"
219,book_get,,20,"2020-07-03 00:20:45.285573"
220,c_index,,20,"2020-07-03 00:20:51.104948"
221,book_get,,20,"2020-07-03 00:21:00.247686"
222,c_index,,20,"2020-07-03 00:21:06.199227"
223,book_get,,20,"2020-07-03 00:21:09.555079"
224,c_index,,20,"2020-07-03 00:21:13.687618"
225,book_get,,20,"2020-07-03 00:21:17.217537"
226,c_index,,20,"2020-07-03 00:21:18.369092"
227,book_get,,20,"2020-07-03 00:21:23.776078"
228,book_get,,20,"2020-07-03 00:21:25.615647"
229,detail,,20,"2020-07-03 00:21:27.288214"
230,book_get,,20,"2020-07-03 00:21:36.150613"
231,c_index,,20,"2020-07-03 00:21:41.711104"
232,reservation_list,,20,"2020-07-03 00:21:45.091593"
233,login,,7,"2020-07-03 00:29:26.285642"
234,c_index,,7,"2020-07-03 00:29:26.329522"
235,detail,,7,"2020-07-03 00:29:42.188420"
236,c_index,,7,"2020-07-03 00:29:46.228736"
237,detail,,7,"2020-07-03 00:30:21.079862"
238,book_get,,7,"2020-07-03 00:30:26.934824"
239,book_post,,7,"2020-07-03 00:30:44.573244"
240,c_index,,7,"2020-07-03 00:30:44.582222"
241,reservation_list,,7,"2020-07-03 00:30:49.662801"
242,c_index,,7,"2020-07-03 00:30:52.248776"
243,detail,,7,"2020-07-03 00:31:05.193242"
244,book_get,,7,"2020-07-03 00:31:10.112614"
245,book_post,,7,"2020-07-03 00:31:19.879383"
246,c_index,,7,"2020-07-03 00:31:19.888357"
247,detail,,7,"2020-07-03 00:32:13.006688"
248,book_get,,7,"2020-07-03 00:32:22.209366"
249,book_post,,7,"2020-07-03 00:32:31.315513"
250,book_complete,,7,"2020-07-03 00:32:31.369606"
251,reservation_list,,7,"2020-07-03 00:32:35.173888"
252,c_index,,7,"2020-07-03 00:32:46.414676"
253,rank,,,"2020-07-03 00:32:49.588606"
254,c_index,,7,"2020-07-03 00:33:50.865525"
255,login,,31,"2020-07-03 00:34:04.757395"
256,f_index,,31,"2020-07-03 00:34:04.790587"
257,c_index,,7,"2020-07-03 00:34:07.189795"
258,create_get,,31,"2020-07-03 00:34:19.509986"
259,book_get,,7,"2020-07-03 00:34:22.551441"
260,book_post,,7,"2020-07-03 00:34:30.760777"
261,c_index,,7,"2020-07-03 00:34:30.769599"
262,c_index,,7,"2020-07-03 00:34:36.578404"
263,logout,,7,"2020-07-03 00:34:49.364648"
264,login,,31,"2020-07-03 00:36:20.014051"
265,f_index,,31,"2020-07-03 00:36:20.053848"
266,detail,,31,"2020-07-03 00:36:28.488447"
267,contact_form,,31,"2020-07-03 00:37:00.815955"
268,c_index,,31,"2020-07-03 00:37:06.870134"
269,f_index,,31,"2020-07-03 00:37:17.619398"
270,f_index,,31,"2020-07-03 00:38:11.309893"
271,c_index,,31,"2020-07-03 00:38:56.835673"
272,detail,,31,"2020-07-03 00:39:00.239077"
273,c_index,,31,"2020-07-03 00:39:10.846130"
274,f_index,,1,"2020-07-03 00:39:33.414346"
275,f_index,,31,"2020-07-03 00:39:42.507237"
276,supply_list,,1,"2020-07-03 00:39:44.846241"
277,delete_get,,1,"2020-07-03 00:39:46.681204"
278,delete_post,,1,"2020-07-03 00:39:47.800549"
279,supply_list,,1,"2020-07-03 00:39:47.827080"
280,delete_get,,1,"2020-07-03 00:39:48.812556"
281,delete_post,,1,"2020-07-03 00:39:49.562433"
282,supply_list,,1,"2020-07-03 00:39:49.593451"
283,delete_get,,1,"2020-07-03 00:39:50.367805"
284,delete_post,,1,"2020-07-03 00:39:51.090114"
285,supply_list,,1,"2020-07-03 00:39:51.112980"
286,create_get,,1,"2020-07-03 00:39:52.717248"
287,c_index,,31,"2020-07-03 00:39:52.928046"
288,create_post,,1,"2020-07-03 00:40:08.473405"
289,supply_list,,1,"2020-07-03 00:40:08.496351"
290,detail,,31,"2020-07-03 00:40:08.867961"
291,delete_get,,1,"2020-07-03 00:40:13.472614"
292,delete_post,,1,"2020-07-03 00:40:15.126725"
293,supply_list,,1,"2020-07-03 00:40:15.152375"
294,login,,31,"2020-07-03 00:40:42.383043"
295,c_index,,31,"2020-07-03 00:40:42.414943"
296,detail,,31,"2020-07-03 00:40:47.282632"
297,login,,3,"2020-07-03 00:40:53.377642"
298,c_index,,3,"2020-07-03 00:40:53.437618"
299,detail,,3,"2020-07-03 00:42:07.146353"
300,c_index,,3,"2020-07-03 00:42:33.362186"
301,detail,,3,"2020-07-03 00:42:52.552241"
302,c_index,,3,"2020-07-03 00:42:58.508728"
303,detail,,3,"2020-07-03 00:43:01.625635"
304,c_index,,3,"2020-07-03 00:43:09.665385"
305,book_get,,3,"2020-07-03 00:43:39.842966"
306,book_post,,3,"2020-07-03 00:43:49.000277"
307,book_complete,,3,"2020-07-03 00:43:49.074962"
308,reservation_list,,3,"2020-07-03 00:43:50.824584"
309,c_index,,3,"2020-07-03 00:43:55.417670"
310,book_get,,3,"2020-07-03 00:44:15.335778"
311,book_post,,3,"2020-07-03 00:44:28.081384"
312,book_complete,,3,"2020-07-03 00:44:28.115088"
313,reservation_list,,3,"2020-07-03 00:44:30.171678"
314,c_index,,3,"2020-07-03 00:44:35.785496"
315,book_get,,3,"2020-07-03 00:44:50.018203"
316,f_index,,31,"2020-07-03 00:44:53.214953"
317,book_post,,3,"2020-07-03 00:45:00.916523"
318,detail,,31,"2020-07-03 00:45:00.924838"
319,book_complete,,3,"2020-07-03 00:45:01.066461"
320,reservation_list,,3,"2020-07-03 00:45:02.507033"
321,f_index,,31,"2020-07-03 00:45:04.983004"
322,c_index,,3,"2020-07-03 00:45:08.733069"
323,detail,,31,"2020-07-03 00:45:09.558143"
324,f_index,,31,"2020-07-03 00:45:12.398911"
325,detail,,31,"2020-07-03 00:45:23.680454"
326,reservation_list,,3,"2020-07-03 00:45:32.478315"
327,f_index,,31,"2020-07-03 00:45:34.482451"
328,detail,,31,"2020-07-03 00:45:36.797223"
329,f_index,,31,"2020-07-03 00:45:43.519231"
330,detail,,31,"2020-07-03 00:45:46.404992"
331,f_index,,31,"2020-07-03 00:45:48.597282"
332,detail,,31,"2020-07-03 00:45:54.522728"
333,f_index,,31,"2020-07-03 00:45:59.367539"
334,rank,,,"2020-07-03 00:45:59.542904"
335,c_index,,3,"2020-07-03 00:46:33.544809"
336,logout,,3,"2020-07-03 00:46:57.677206"
337,rank,,,"2020-07-03 01:01:43.238963"
338,f_index,,1,"2020-07-03 01:12:05.889048"
339,create_get,,1,"2020-07-03 01:12:07.884286"
340,f_index,,1,"2020-07-03 01:12:40.842684"
341,detail,,1,"2020-07-03 01:12:46.384453"
342,f_index,,1,"2020-07-03 01:12:47.510144"
343,supply_list,,1,"2020-07-03 01:12:48.455305"
344,delete_get,,1,"2020-07-03 01:12:49.498915"
345,delete_post,,1,"2020-07-03 01:12:51.759158"
346,supply_list,,1,"2020-07-03 01:12:51.780679"
347,login,,17,"2020-07-03 01:17:09.245318"
348,c_index,,17,"2020-07-03 01:17:23.495425"
349,book_get,,17,"2020-07-03 01:17:49.752595"
350,book_post,,17,"2020-07-03 01:18:01.799571"
351,book_complete,,17,"2020-07-03 01:18:01.874617"
352,reservation_list,,17,"2020-07-03 01:18:05.393902"
353,c_index,,17,"2020-07-03 01:18:13.113450"
354,book_get,,17,"2020-07-03 01:19:21.575929"
355,c_index,,17,"2020-07-03 01:19:30.786320"
356,book_get,,17,"2020-07-03 01:19:53.459259"
357,book_post,,17,"2020-07-03 01:20:03.391737"
358,book_complete,,17,"2020-07-03 01:20:03.475203"
359,reservation_list,,17,"2020-07-03 01:20:07.032562"
360,c_index,,17,"2020-07-03 01:20:21.521268"
361,reservation_list,,17,"2020-07-03 01:20:37.635955"
362,c_index,,17,"2020-07-03 01:20:50.112743"
363,book_get,,17,"2020-07-03 01:21:11.783062"
364,book_post,,17,"2020-07-03 01:21:20.719354"
365,book_complete,,17,"2020-07-03 01:21:20.786053"
366,reservation_list,,17,"2020-07-03 01:21:25.815142"
367,reservation_delete_get,,17,"2020-07-03 01:21:34.880655"
368,reservation_delete_post,,17,"2020-07-03 01:21:43.270962"
369,reservation_list,,17,"2020-07-03 01:21:43.309066"
370,c_index,,17,"2020-07-03 01:21:58.696430"
371,book_get,,17,"2020-07-03 01:22:06.512709"
372,book_post,,17,"2020-07-03 01:22:14.711341"
373,book_complete,,17,"2020-07-03 01:22:14.777570"
374,reservation_list,,17,"2020-07-03 01:22:17.843796"
375,c_index,,17,"2020-07-03 01:22:23.641505"
376,rank,,,"2020-07-03 01:22:28.341992"
377,c_index,,17,"2020-07-03 01:23:12.561155"
378,logout,,17,"2020-07-03 01:23:36.803153"
379,f_index,,1,"2020-07-03 01:24:45.593470"
380,create_get,,1,"2020-07-03 01:24:47.783700"
381,create_post,,1,"2020-07-03 01:24:59.032776"
382,supply_list,,1,"2020-07-03 01:24:59.057753"
383,delete_get,,1,"2020-07-03 01:25:00.596529"
384,delete_post,,1,"2020-07-03 01:25:01.821356"
385,supply_list,,1,"2020-07-03 01:25:01.846736"
386,f_index,,1,"2020-07-03 01:36:50.142641"
387,f_index,,1,"2020-07-03 01:37:11.730538"
388,f_index,,1,"2020-07-03 01:37:33.592469"
389,create_get,,1,"2020-07-03 01:37:35.153384"
390,create_post,,1,"2020-07-03 01:37:42.586173"
391,supply_list,,1,"2020-07-03 01:37:42.610331"
392,delete_get,,1,"2020-07-03 01:37:43.892578"
393,delete_post,,1,"2020-07-03 01:37:44.753157"
394,supply_list,,1,"2020-07-03 01:37:44.812111"
395,login,,10,"2020-07-03 02:02:04.137972"
396,c_index,,10,"2020-07-03 02:02:12.152029"
397,c_index,,10,"2020-07-03 02:04:08.761949"
398,c_index,,10,"2020-07-03 02:04:47.762862"
399,detail,,10,"2020-07-03 02:04:48.475264"
400,c_index,,10,"2020-07-03 02:04:57.255073"
401,c_index,,10,"2020-07-03 02:05:13.276746"
402,c_index,,10,"2020-07-03 02:05:39.401926"
403,c_index,,10,"2020-07-03 02:05:43.015157"
404,book_get,,10,"2020-07-03 02:06:12.767213"
405,book_post,,10,"2020-07-03 02:06:24.153274"
406,book_complete,,10,"2020-07-03 02:06:24.504916"
407,reservation_list,,10,"2020-07-03 02:06:26.384038"
408,c_index,,10,"2020-07-03 02:06:29.756352"
409,c_index,,10,"2020-07-03 02:06:51.817926"
410,c_index,,10,"2020-07-03 02:07:08.417545"
411,login,,18,"2020-07-03 02:49:30.751749"
412,c_index,,18,"2020-07-03 02:49:30.831675"
413,detail,,18,"2020-07-03 02:49:40.872028"
414,book_get,,18,"2020-07-03 02:49:47.134592"
415,book_post,,18,"2020-07-03 02:50:00.141653"
416,book_complete,,18,"2020-07-03 02:50:00.230614"
417,reservation_list,,18,"2020-07-03 02:50:02.872719"
418,c_index,,18,"2020-07-03 02:50:22.431853"
419,detail,,18,"2020-07-03 02:50:28.361942"
420,book_get,,18,"2020-07-03 02:56:11.411116"
421,book_post,,18,"2020-07-03 02:56:23.917355"
422,book_complete,,18,"2020-07-03 02:56:24.109103"
423,reservation_list,,18,"2020-07-03 02:56:26.899277"
424,c_index,,18,"2020-07-03 02:56:30.792110"
425,book_get,,18,"2020-07-03 02:56:38.870166"
426,book_post,,18,"2020-07-03 02:56:46.156361"
427,book_complete,,18,"2020-07-03 02:56:46.269364"
428,reservation_list,,18,"2020-07-03 02:56:48.359104"
429,c_index,,18,"2020-07-03 02:56:54.109320"
430,book_get,,18,"2020-07-03 02:57:04.479123"
431,book_post,,18,"2020-07-03 02:57:13.688293"
432,book_complete,,18,"2020-07-03 02:57:13.877974"
433,logout,,18,"2020-07-03 02:57:17.527845"
434,supply_list,,28,"2020-07-03 03:37:18.706819"
435,create_get,,28,"2020-07-03 03:37:29.509863"
436,create_post,,28,"2020-07-03 03:38:56.773138"
437,supply_list,,28,"2020-07-03 03:38:56.798903"
438,logout,,28,"2020-07-03 03:42:24.906827"
439,login,,29,"2020-07-03 03:43:05.538324"
440,f_index,,29,"2020-07-03 03:43:05.565835"
441,supply_list,,29,"2020-07-03 03:43:22.393023"
442,create_get,,29,"2020-07-03 03:43:30.778934"
443,create_post,,29,"2020-07-03 03:45:36.731749"
444,supply_list,,29,"2020-07-03 03:45:36.758805"
445,rank,,,"2020-07-03 04:12:44.561809"
446,login,,1,"2020-07-03 04:14:27.996254"
447,f_index,,1,"2020-07-03 04:16:01.630865"
448,detail,,1,"2020-07-03 04:16:06.518753"
449,f_index,,1,"2020-07-03 04:16:08.006290"
450,detail,,1,"2020-07-03 04:16:10.775677"
451,f_index,,1,"2020-07-03 04:16:15.360057"
452,detail,,1,"2020-07-03 04:16:16.984320"
453,f_index,,1,"2020-07-03 04:16:18.918638"
454,detail,,1,"2020-07-03 04:16:20.998340"
455,f_index,,1,"2020-07-03 04:16:22.807049"
456,detail,,1,"2020-07-03 04:16:25.023801"
457,f_index,,1,"2020-07-03 04:16:26.247095"
458,f_index,,1,"2020-07-03 04:16:37.650439"
459,supply_list,,1,"2020-07-03 04:16:39.186151"
460,create_get,,1,"2020-07-03 04:16:41.104057"
461,f_index,,1,"2020-07-03 04:16:43.270585"
462,f_index,,1,"2020-07-03 04:16:44.871183"
463,f_index,,1,"2020-07-03 04:17:02.363044"
464,f_index,,1,"2020-07-03 04:17:10.626586"
465,f_index,,1,"2020-07-03 04:17:15.535300"
466,f_index,,1,"2020-07-03 04:17:26.275282"
467,logout,,1,"2020-07-03 04:19:19.439532"
468,login,,2,"2020-07-03 04:19:31.993409"
469,c_index,,2,"2020-07-03 04:19:32.026944"
470,detail,,2,"2020-07-03 04:19:37.472564"
471,c_index,,2,"2020-07-03 04:19:42.549443"
472,logout,,2,"2020-07-03 04:20:04.499294"
473,login,,1,"2020-07-03 04:20:14.131382"
474,f_index,,1,"2020-07-03 04:20:16.651065"
475,create_get,,1,"2020-07-03 04:20:18.840514"
476,f_index,,1,"2020-07-03 04:20:22.970175"
477,logout,,1,"2020-07-03 04:20:36.730594"
478,login,,2,"2020-07-03 04:20:42.681792"
479,f_index,,2,"2020-07-03 04:20:44.464751"
480,logout,,2,"2020-07-03 04:20:59.743931"
481,login,,1,"2020-07-03 04:21:06.577148"
482,f_index,,1,"2020-07-03 04:21:10.857930"
483,detail,,1,"2020-07-03 04:21:12.442008"
484,f_index,,1,"2020-07-03 04:21:24.346094"
485,c_index,,1,"2020-07-03 04:21:31.928143"
486,login,,16,"2020-07-03 06:21:45.634775"
487,c_index,,16,"2020-07-03 06:21:45.668217"
488,book_get,,16,"2020-07-03 06:22:19.518899"
489,book_post,,16,"2020-07-03 06:22:29.491443"
490,book_complete,,16,"2020-07-03 06:22:29.526060"
491,reservation_list,,16,"2020-07-03 06:22:33.624056"
492,c_index,,16,"2020-07-03 06:22:41.986578"
493,detail,,16,"2020-07-03 06:23:15.145282"
494,book_get,,16,"2020-07-03 06:23:25.399713"
495,book_post,,16,"2020-07-03 06:23:41.106536"
496,book_complete,,16,"2020-07-03 06:23:41.139627"
497,reservation_list,,16,"2020-07-03 06:23:42.816222"
498,reservation_delete_get,,16,"2020-07-03 06:23:52.204515"
499,reservation_delete_post,,16,"2020-07-03 06:24:01.537026"
500,reservation_list,,16,"2020-07-03 06:24:01.566999"
501,c_index,,16,"2020-07-03 06:24:10.336517"
502,detail,,16,"2020-07-03 06:24:23.955846"
503,book_get,,16,"2020-07-03 06:24:30.597552"
504,book_post,,16,"2020-07-03 06:24:42.041519"
505,book_complete,,16,"2020-07-03 06:24:42.073311"
506,login,,18,"2020-07-03 06:53:23.944275"
507,c_index,,18,"2020-07-03 06:53:24.002376"
508,book_get,,18,"2020-07-03 06:53:34.119074"
509,book_post,,18,"2020-07-03 06:53:55.086534"
510,book_complete,,18,"2020-07-03 06:53:55.323097"
511,reservation_list,,18,"2020-07-03 06:53:57.228035"
512,reservation_delete_get,,18,"2020-07-03 06:54:18.134437"
513,reservation_delete_post,,18,"2020-07-03 06:54:29.102394"
514,reservation_list,,18,"2020-07-03 06:54:29.248088"
515,c_index,,18,"2020-07-03 06:54:41.143116"
516,book_get,,18,"2020-07-03 06:55:09.503854"
517,book_post,,18,"2020-07-03 06:55:18.051043"
518,book_complete,,18,"2020-07-03 06:55:18.288002"
519,reservation_list,,18,"2020-07-03 06:55:20.512851"
520,c_index,,18,"2020-07-03 06:55:30.372513"
521,logout,,18,"2020-07-03 06:55:43.362640"
522,login,,7,"2020-07-03 09:31:06.913698"
523,c_index,,7,"2020-07-03 09:31:06.950225"
524,reservation_list,,7,"2020-07-03 09:31:25.959516"
525,login,,20,"2020-07-03 10:48:07.285514"
526,c_index,,20,"2020-07-03 10:48:07.528086"
527,book_get,,20,"2020-07-03 10:48:17.866011"
528,book_post,,20,"2020-07-03 10:49:25.603509"
529,book_post,,20,"2020-07-03 10:49:31.661841"
530,book_post,,20,"2020-07-03 10:49:36.903062"
531,book_post,,20,"2020-07-03 10:49:42.034001"
532,book_complete,,20,"2020-07-03 10:49:42.182462"
533,reservation_list,,20,"2020-07-03 10:49:49.194298"
534,c_index,,20,"2020-07-03 10:50:04.116453"
535,reservation_list,,20,"2020-07-03 10:50:06.678066"
536,c_index,,20,"2020-07-03 10:50:07.354488"
537,reservation_list,,20,"2020-07-03 10:50:43.990413"
538,reservation_delete_get,,20,"2020-07-03 10:51:06.017655"
539,reservation_delete_post,,20,"2020-07-03 10:51:11.850337"
540,reservation_delete_post,,20,"2020-07-03 10:51:16.506046"
541,reservation_delete_post,,20,"2020-07-03 10:51:21.679266"
542,reservation_delete_post,,20,"2020-07-03 10:51:26.447390"
543,reservation_list,,20,"2020-07-03 10:51:26.592808"
544,c_index,,20,"2020-07-03 10:51:27.247730"
545,reservation_list,,20,"2020-07-03 10:51:30.415231"
546,reservation_delete_get,,20,"2020-07-03 10:51:40.405205"
547,reservation_delete_post,,20,"2020-07-03 10:51:47.128878"
548,reservation_delete_post,,20,"2020-07-03 10:51:52.264501"
549,reservation_list,,20,"2020-07-03 10:51:52.422441"
550,reservation_delete_get,,20,"2020-07-03 10:51:57.530687"
551,reservation_delete_post,,20,"2020-07-03 10:52:09.406277"
552,reservation_delete_post,,20,"2020-07-03 10:52:14.579211"
553,reservation_list,,20,"2020-07-03 10:52:16.709209"
554,c_index,,20,"2020-07-03 10:52:35.650895"
555,reservation_list,,20,"2020-07-03 10:52:38.962942"
556,c_index,,20,"2020-07-03 10:52:40.877322"
557,book_get,,20,"2020-07-03 10:52:54.820049"
558,book_post,,20,"2020-07-03 10:53:09.299061"
559,book_complete,,20,"2020-07-03 10:53:11.173494"
560,reservation_list,,20,"2020-07-03 10:53:17.291072"
561,c_index,,20,"2020-07-03 10:53:22.404120"
562,book_get,,20,"2020-07-03 10:53:37.977820"
563,book_post,,20,"2020-07-03 10:54:00.946099"
564,book_complete,,20,"2020-07-03 10:54:01.036983"
565,reservation_list,,20,"2020-07-03 10:54:03.658779"
566,c_index,,20,"2020-07-03 10:54:06.180038"
567,c_index,,20,"2020-07-03 10:54:22.602185"
568,detail,,20,"2020-07-03 10:54:44.827847"
569,c_index,,20,"2020-07-03 10:54:52.481956"
570,reservation_list,,20,"2020-07-03 10:55:29.307800"
571,reservation_delete_get,,20,"2020-07-03 10:55:35.327052"
572,reservation_delete_post,,20,"2020-07-03 10:55:51.169678"
573,reservation_list,,20,"2020-07-03 10:55:51.298007"
574,c_index,,20,"2020-07-03 10:55:55.678110"
575,book_get,,20,"2020-07-03 10:56:09.196303"
576,book_post,,20,"2020-07-03 10:56:17.604645"
577,book_complete,,20,"2020-07-03 10:56:17.741049"
578,reservation_list,,20,"2020-07-03 10:56:24.922411"
579,c_index,,20,"2020-07-03 10:56:33.067081"
580,book_get,,20,"2020-07-03 10:57:08.980031"
581,book_post,,20,"2020-07-03 10:57:17.480635"
582,book_complete,,20,"2020-07-03 10:57:17.649503"
583,reservation_list,,20,"2020-07-03 10:57:20.500749"
584,c_index,,20,"2020-07-03 10:57:23.296244"
585,book_get,,20,"2020-07-03 10:57:38.144188"
586,book_post,,20,"2020-07-03 10:57:45.170892"
587,book_complete,,20,"2020-07-03 10:57:45.294703"
588,reservation_list,,20,"2020-07-03 10:57:47.718944"
589,c_index,,20,"2020-07-03 10:57:49.616127"
590,book_get,,20,"2020-07-03 10:58:43.760690"
591,book_post,,20,"2020-07-03 10:58:51.316306"
592,book_complete,,20,"2020-07-03 10:58:51.446372"
593,reservation_list,,20,"2020-07-03 10:58:54.166471"
594,c_index,,20,"2020-07-03 10:58:57.941794"
595,book_get,,20,"2020-07-03 10:59:15.002285"
596,book_post,,20,"2020-07-03 10:59:23.797999"
597,book_complete,,20,"2020-07-03 10:59:23.908352"
598,reservation_list,,20,"2020-07-03 11:00:04.075131"
599,reservation_delete_get,,20,"2020-07-03 11:00:30.467649"
600,reservation_delete_post,,20,"2020-07-03 11:00:40.203540"
601,reservation_list,,20,"2020-07-03 11:00:40.299971"
602,login,,13,"2020-07-03 12:26:10.791825"
603,c_index,,13,"2020-07-03 12:26:10.851917"
604,detail,,13,"2020-07-03 12:27:03.251654"
605,book_get,,13,"2020-07-03 12:27:46.097754"
606,book_post,,13,"2020-07-03 12:28:05.012272"
607,book_complete,,13,"2020-07-03 12:28:05.067394"
608,reservation_list,,13,"2020-07-03 12:28:08.269781"
609,reservation_delete_get,,13,"2020-07-03 12:28:58.386274"
610,reservation_delete_post,,13,"2020-07-03 12:29:09.743245"
611,reservation_list,,13,"2020-07-03 12:29:09.848357"
612,c_index,,13,"2020-07-03 12:31:06.220256"
613,book_get,,13,"2020-07-03 12:32:23.084442"
614,book_post,,13,"2020-07-03 12:32:42.721797"
615,book_complete,,13,"2020-07-03 12:32:42.783257"
616,reservation_list,,13,"2020-07-03 12:33:03.528131"
617,c_index,,13,"2020-07-03 12:33:23.122617"
618,detail,,13,"2020-07-03 12:34:30.937557"
619,book_get,,13,"2020-07-03 12:34:47.253119"
620,book_post,,13,"2020-07-03 12:35:01.312659"
621,book_complete,,13,"2020-07-03 12:35:01.390518"
622,reservation_list,,13,"2020-07-03 12:35:08.615265"
623,c_index,,13,"2020-07-03 12:35:11.223426"
624,f_index,,1,"2020-07-03 13:22:14.057817"
625,logout,,1,"2020-07-03 20:41:07.403888"
626,login,,2,"2020-07-03 20:41:12.428424"
627,c_index,,2,"2020-07-03 20:41:15.305725"
628,book_get,,2,"2020-07-03 20:41:24.060038"
629,book_post,,2,"2020-07-03 20:41:45.825137"
630,book_complete,,2,"2020-07-03 20:41:45.858898"
631,reservation_list,,2,"2020-07-03 20:41:51.475296"
632,reservation_delete_get,,2,"2020-07-03 20:41:54.795869"
633,reservation_delete_post,,2,"2020-07-03 20:42:03.932887"
634,reservation_list,,2,"2020-07-03 20:42:03.977477"
635,c_index,,2,"2020-07-03 20:42:06.617484"
636,detail,,2,"2020-07-03 20:42:13.112116"
637,c_index,,2,"2020-07-03 20:42:14.656257"
638,c_index,,2,"2020-07-03 20:45:43.698087"
639,login,,18,"2020-07-03 20:50:49.776001"
640,c_index,,18,"2020-07-03 20:50:49.861753"
641,book_get,,18,"2020-07-03 20:51:31.582800"
642,book_post,,18,"2020-07-03 20:51:42.618990"
643,book_complete,,18,"2020-07-03 20:51:42.671892"
644,reservation_list,,18,"2020-07-03 20:51:45.281780"
645,c_index,,18,"2020-07-03 20:52:02.791568"
646,book_get,,18,"2020-07-03 20:52:13.762728"
647,book_post,,18,"2020-07-03 20:52:21.826397"
648,book_complete,,18,"2020-07-03 20:52:21.996723"
649,reservation_list,,18,"2020-07-03 20:52:24.451555"
650,c_index,,18,"2020-07-03 20:52:26.391489"
651,book_get,,18,"2020-07-03 20:52:37.032519"
652,book_post,,18,"2020-07-03 20:52:46.349529"
653,book_complete,,18,"2020-07-03 20:52:46.406693"
654,rank,,,"2020-07-03 20:52:58.138753"
655,reservation_list,,18,"2020-07-03 20:53:08.756723"
656,c_index,,18,"2020-07-03 20:53:35.271867"
657,reservation_list,,18,"2020-07-03 20:55:02.686677"
658,reservation_delete_get,,18,"2020-07-03 20:55:51.728923"
659,reservation_delete_post,,18,"2020-07-03 20:55:58.510896"
660,reservation_list,,18,"2020-07-03 20:55:58.646552"
661,logout,,2,"2020-07-03 20:56:12.153998"
662,login,,1,"2020-07-03 20:56:17.259067"
663,logout,,18,"2020-07-03 20:56:18.161732"
664,c_index,,13,"2020-07-04 00:02:33.200381"
665,book_get,,13,"2020-07-04 00:03:42.353919"
666,book_post,,13,"2020-07-04 00:03:56.785043"
667,book_complete,,13,"2020-07-04 00:03:56.866935"
668,reservation_list,,13,"2020-07-04 00:04:02.979652"
669,c_index,,13,"2020-07-04 00:04:07.955343"
670,book_get,,13,"2020-07-04 00:04:40.727771"
671,c_index,,13,"2020-07-04 00:04:52.423085"
672,detail,,13,"2020-07-04 00:04:58.489994"
673,book_get,,13,"2020-07-04 00:05:11.374751"
674,book_post,,13,"2020-07-04 00:05:27.426424"
675,book_complete,,13,"2020-07-04 00:05:27.489843"
676,reservation_list,,13,"2020-07-04 00:05:48.507528"
677,c_index,,13,"2020-07-04 00:06:19.783251"
678,book_get,,13,"2020-07-04 00:07:35.018690"
679,book_post,,13,"2020-07-04 00:07:54.275882"
680,book_complete,,13,"2020-07-04 00:07:54.332406"
681,reservation_list,,13,"2020-07-04 00:08:00.863560"
682,reservation_detail,,13,"2020-07-04 00:08:11.107083"
683,reservation_list,,13,"2020-07-04 00:08:32.937421"
684,reservation_delete_get,,13,"2020-07-04 00:08:37.040651"
685,reservation_delete_post,,13,"2020-07-04 00:08:55.961903"
686,reservation_list,,13,"2020-07-04 00:08:56.017446"
687,login,,18,"2020-07-04 00:19:46.888784"
688,c_index,,18,"2020-07-04 00:19:46.943433"
689,book_get,,18,"2020-07-04 00:20:04.954534"
690,book_post,,18,"2020-07-04 00:20:17.830284"
691,book_complete,,18,"2020-07-04 00:20:17.943655"
692,reservation_list,,18,"2020-07-04 00:20:19.683638"
693,c_index,,18,"2020-07-04 00:20:22.783641"
694,book_get,,18,"2020-07-04 00:20:44.875028"
695,book_post,,18,"2020-07-04 00:20:57.864579"
696,book_complete,,18,"2020-07-04 00:20:57.948859"
697,reservation_list,,18,"2020-07-04 00:21:01.263657"
698,book_get,,18,"2020-07-04 00:21:08.215007"
699,book_get,,18,"2020-07-04 00:21:11.034593"
700,supply_list,,29,"2020-07-04 02:18:45.415309"
701,login,,3,"2020-07-04 02:46:59.235281"
702,c_index,,3,"2020-07-04 02:46:59.298028"
703,book_get,,3,"2020-07-04 02:47:16.241826"
704,c_index,,3,"2020-07-04 02:47:18.906035"
705,book_get,,3,"2020-07-04 02:47:48.601415"
706,book_post,,3,"2020-07-04 02:48:02.235919"
707,book_complete,,3,"2020-07-04 02:48:02.268369"
708,reservation_list,,3,"2020-07-04 02:48:03.862861"
709,c_index,,3,"2020-07-04 02:48:05.822580"
710,book_get,,3,"2020-07-04 02:48:11.373110"
711,book_post,,3,"2020-07-04 02:48:18.718235"
712,book_complete,,3,"2020-07-04 02:48:18.754683"
713,reservation_list,,3,"2020-07-04 02:48:21.137052"
714,c_index,,3,"2020-07-04 02:48:22.269891"
715,book_get,,3,"2020-07-04 02:48:26.039953"
716,book_post,,3,"2020-07-04 02:48:35.134942"
717,book_complete,,3,"2020-07-04 02:48:35.209857"
718,reservation_list,,3,"2020-07-04 02:48:36.262238"
719,c_index,,3,"2020-07-04 02:48:37.273594"
720,detail,,3,"2020-07-04 02:48:51.520468"
721,book_get,,3,"2020-07-04 02:49:17.972050"
722,book_post,,3,"2020-07-04 02:49:28.960630"
723,book_complete,,3,"2020-07-04 02:49:29.003198"
724,reservation_list,,3,"2020-07-04 02:49:30.406320"
725,c_index,,3,"2020-07-04 02:49:31.345243"
726,book_get,,3,"2020-07-04 02:49:46.040000"
727,book_post,,3,"2020-07-04 02:49:53.222346"
728,book_complete,,3,"2020-07-04 02:49:53.254740"
729,reservation_list,,3,"2020-07-04 02:49:54.323136"
730,c_index,,3,"2020-07-04 02:49:55.366157"
731,reservation_list,,3,"2020-07-04 02:49:56.979242"
732,reservation_delete_get,,3,"2020-07-04 02:50:22.339939"
733,reservation_delete_post,,3,"2020-07-04 02:50:30.760660"
734,reservation_list,,3,"2020-07-04 02:50:30.802819"
735,rank,,,"2020-07-04 02:52:25.307539"
736,logout,,3,"2020-07-04 02:56:10.837444"
737,logout,,29,"2020-07-04 03:08:33.947522"
738,login,,27,"2020-07-04 03:35:01.366569"
739,f_index,,27,"2020-07-04 03:35:01.400624"
740,supply_list,,27,"2020-07-04 03:35:04.904431"
741,item_reservation_list,,27,"2020-07-04 03:35:30.633723"
742,supply_list,,27,"2020-07-04 03:35:44.150060"
743,item_reservation_list,,27,"2020-07-04 03:35:47.057479"
744,supply_list,,27,"2020-07-04 03:35:52.091711"
745,detail,,27,"2020-07-04 03:35:57.737343"
746,supply_list,,27,"2020-07-04 03:36:05.843683"
747,item_reservation_list,,27,"2020-07-04 03:36:08.885158"
748,supply_list,,27,"2020-07-04 03:36:14.664015"
749,create_get,,27,"2020-07-04 03:36:23.186754"
750,f_index,,27,"2020-07-04 03:37:59.819339"
751,logout,,27,"2020-07-04 03:38:08.836131"
752,login,,28,"2020-07-04 03:38:30.740396"
753,f_index,,28,"2020-07-04 03:38:34.298773"
754,detail,,28,"2020-07-04 03:38:58.122422"
755,f_index,,28,"2020-07-04 03:39:06.847828"
756,detail,,28,"2020-07-04 03:39:19.146214"
757,f_index,,28,"2020-07-04 03:39:25.608014"
758,detail,,28,"2020-07-04 03:39:32.965049"
759,f_index,,28,"2020-07-04 03:39:37.600393"
760,detail,,28,"2020-07-04 03:39:45.635474"
761,f_index,,28,"2020-07-04 03:39:59.135442"
762,supply_list,,28,"2020-07-04 03:40:14.028331"
763,create_get,,28,"2020-07-04 03:40:26.730591"
764,create_post,,28,"2020-07-04 03:42:59.182492"
765,supply_list,,28,"2020-07-04 03:42:59.211017"
766,create_get,,28,"2020-07-04 03:43:08.076704"
767,create_post,,28,"2020-07-04 03:44:09.778778"
768,supply_list,,28,"2020-07-04 03:44:09.805798"
769,create_get,,28,"2020-07-04 04:10:15.981675"
770,create_post,,28,"2020-07-04 04:11:09.525957"
771,supply_list,,28,"2020-07-04 04:11:09.565643"
772,logout,,28,"2020-07-04 04:11:31.871768"
773,login,,30,"2020-07-04 04:11:54.813135"
774,f_index,,30,"2020-07-04 04:11:57.734140"
775,supply_list,,30,"2020-07-04 04:12:04.993210"
776,detail,,30,"2020-07-04 04:12:16.120759"
777,supply_list,,30,"2020-07-04 04:12:31.386938"
778,create_get,,30,"2020-07-04 04:12:33.702207"
779,create_post,,30,"2020-07-04 04:14:46.549613"
780,supply_list,,30,"2020-07-04 04:14:46.584322"
781,create_get,,30,"2020-07-04 04:15:01.715857"
782,create_post,,30,"2020-07-04 04:16:57.733970"
783,supply_list,,30,"2020-07-04 04:16:57.764122"
784,f_index,,30,"2020-07-04 04:17:08.874462"
785,f_index,,30,"2020-07-04 04:17:19.762459"
786,f_index,,30,"2020-07-04 04:17:27.076259"
787,c_index,,20,"2020-07-04 08:34:25.302321"
788,book_get,,20,"2020-07-04 08:35:12.804782"
789,book_post,,20,"2020-07-04 08:35:26.375717"
790,book_complete,,20,"2020-07-04 08:35:26.474120"
791,reservation_list,,20,"2020-07-04 08:35:29.132886"
792,reservation_list,,20,"2020-07-04 08:35:57.843726"
793,c_index,,20,"2020-07-04 08:36:20.490821"
794,reservation_list,,20,"2020-07-04 08:36:25.036575"
795,c_index,,20,"2020-07-04 08:36:28.037156"
796,c_index,,20,"2020-07-04 08:36:32.923428"
797,c_index,,7,"2020-07-04 09:00:38.138058"
798,c_index,,7,"2020-07-04 09:01:23.292531"
799,c_index,,7,"2020-07-04 09:01:28.121395"
800,book_get,,7,"2020-07-04 09:01:34.633929"
801,book_post,,7,"2020-07-04 09:01:51.181023"
802,book_post,,7,"2020-07-04 09:01:56.452152"
803,c_index,,7,"2020-07-04 09:01:56.461081"
804,detail,,7,"2020-07-04 09:01:57.567219"
805,c_index,,7,"2020-07-04 09:02:02.762067"
806,c_index,,7,"2020-07-04 09:02:14.587735"
807,book_get,,7,"2020-07-04 09:02:35.965301"
808,book_post,,7,"2020-07-04 09:02:47.626287"
809,book_post,,7,"2020-07-04 09:02:52.879043"
810,book_failed,,7,"2020-07-04 09:02:53.829038"
811,book_get,,7,"2020-07-04 09:03:01.556864"
812,c_index,,7,"2020-07-04 09:03:18.882121"
813,book_get,,7,"2020-07-04 09:03:29.863960"
814,book_post,,7,"2020-07-04 09:03:37.821432"
815,book_complete,,7,"2020-07-04 09:03:38.881595"
816,reservation_list,,7,"2020-07-04 09:03:41.760856"
817,book_get,,7,"2020-07-04 09:03:47.661986"
818,c_index,,7,"2020-07-04 09:03:54.826375"
819,login,,17,"2020-07-04 09:08:30.264475"
820,c_index,,17,"2020-07-04 09:08:40.692283"
821,c_index,,17,"2020-07-04 09:09:30.836959"
822,c_index,,17,"2020-07-04 09:09:42.200077"
823,reservation_list,,17,"2020-07-04 09:09:47.311340"
824,c_index,,17,"2020-07-04 09:10:01.004583"
825,book_get,,17,"2020-07-04 09:10:13.375121"
826,book_post,,17,"2020-07-04 09:10:29.039259"
827,book_complete,,17,"2020-07-04 09:10:29.113787"
828,reservation_list,,17,"2020-07-04 09:10:34.625567"
829,c_index,,17,"2020-07-04 09:10:44.019029"
830,book_get,,17,"2020-07-04 09:10:53.648570"
831,book_post,,17,"2020-07-04 09:11:04.466274"
832,book_complete,,17,"2020-07-04 09:11:04.542981"
833,reservation_list,,17,"2020-07-04 09:11:14.188127"
834,reservation_delete_get,,17,"2020-07-04 09:11:23.473796"
835,reservation_delete_failed,,17,"2020-07-04 09:11:32.263185"
836,reservation_delete_get,,17,"2020-07-04 09:11:35.037482"
837,c_index,,17,"2020-07-04 09:11:37.577793"
838,logout,,17,"2020-07-04 09:11:40.836257"
839,f_index,,1,"2020-07-04 12:25:37.056395"
840,login,,14,"2020-07-04 12:51:49.928817"
841,c_index,,14,"2020-07-04 12:51:49.995701"
842,c_index,,14,"2020-07-04 12:52:33.521141"
843,c_index,,14,"2020-07-04 12:52:43.896429"
844,detail,,14,"2020-07-04 12:52:58.700189"
845,book_get,,14,"2020-07-04 12:53:13.151782"
846,book_post,,14,"2020-07-04 12:53:29.277255"
847,book_complete,,14,"2020-07-04 12:53:29.377827"
848,reservation_list,,14,"2020-07-04 12:53:31.441165"
849,c_index,,14,"2020-07-04 12:53:38.740136"
850,detail,,14,"2020-07-04 12:54:03.825022"
851,book_get,,14,"2020-07-04 12:54:09.267525"
852,book_post,,14,"2020-07-04 12:54:18.890866"
853,book_complete,,14,"2020-07-04 12:54:18.983029"
854,reservation_list,,14,"2020-07-04 12:54:21.335093"
855,reservation_list,,14,"2020-07-04 12:54:29.377020"
856,rank,,,"2020-07-04 19:06:24.913852"
857,logout,,30,"2020-07-04 22:56:48.175371"
858,login,,29,"2020-07-04 22:57:25.925823"
859,f_index,,29,"2020-07-04 22:57:25.990958"
860,supply_list,,29,"2020-07-04 22:57:30.634830"
861,create_get,,29,"2020-07-04 22:57:38.917262"
862,create_post,,29,"2020-07-04 23:00:05.369855"
863,supply_list,,29,"2020-07-04 23:00:05.441163"
864,delete_get,,29,"2020-07-04 23:00:19.699850"
865,delete_post,,29,"2020-07-04 23:00:22.995550"
866,supply_list,,29,"2020-07-04 23:00:23.036386"
867,create_get,,29,"2020-07-04 23:00:26.622224"
868,create_post,,29,"2020-07-04 23:01:55.161599"
869,supply_list,,29,"2020-07-04 23:01:55.196321"
870,create_get,,29,"2020-07-04 23:02:01.355534"
871,create_post,,29,"2020-07-04 23:04:14.301334"
872,supply_list,,29,"2020-07-04 23:04:14.335901"
873,f_index,,29,"2020-07-05 00:32:12.013700"
874,f_index,,29,"2020-07-05 00:32:23.713779"
875,create_get,,29,"2020-07-05 00:32:31.675063"
876,create_post,,29,"2020-07-05 00:34:09.188026"
877,supply_list,,29,"2020-07-05 00:34:09.220562"
878,f_index,,29,"2020-07-05 00:37:16.362893"
879,f_index,,29,"2020-07-05 00:37:24.395154"
880,supply_list,,29,"2020-07-05 00:37:37.763807"
881,f_index,,29,"2020-07-05 00:37:42.245976"
882,f_index,,29,"2020-07-05 00:37:54.748150"
883,supply_list,,29,"2020-07-05 00:38:03.328106"
884,f_index,,29,"2020-07-05 00:38:28.107655"
885,f_index,,29,"2020-07-05 00:38:32.421613"
886,c_index,,13,"2020-07-05 02:09:05.064265"
887,detail,,13,"2020-07-05 02:09:20.555273"
888,book_get,,13,"2020-07-05 02:09:30.256061"
889,book_post,,13,"2020-07-05 02:09:39.293589"
890,book_complete,,13,"2020-07-05 02:09:39.352503"
891,reservation_list,,13,"2020-07-05 02:09:43.969221"
892,c_index,,13,"2020-07-05 02:09:46.487131"
893,book_get,,13,"2020-07-05 02:10:21.184972"
894,book_post,,13,"2020-07-05 02:10:29.487613"
895,book_complete,,13,"2020-07-05 02:10:29.610687"
896,reservation_list,,13,"2020-07-05 02:11:12.679635"
897,c_index,,13,"2020-07-05 02:11:15.221004"
898,detail,,13,"2020-07-05 02:11:21.690133"
899,book_get,,13,"2020-07-05 02:11:47.102068"
900,book_post,,13,"2020-07-05 02:11:57.719040"
901,book_complete,,13,"2020-07-05 02:11:57.774488"
902,reservation_list,,13,"2020-07-05 02:12:05.099735"
903,c_index,,13,"2020-07-05 02:12:06.169722"
904,f_index,,1,"2020-07-05 03:31:56.371015"
905,create_get,,1,"2020-07-05 03:32:00.750239"
906,create_post,,1,"2020-07-05 03:32:16.080698"
907,supply_list,,1,"2020-07-05 03:32:16.118457"
908,delete_get,,1,"2020-07-05 03:32:25.982869"
909,delete_post,,1,"2020-07-05 03:32:28.937524"
910,supply_list,,1,"2020-07-05 03:32:28.973064"
911,f_index,,1,"2020-07-05 03:32:32.506396"
912,detail,,1,"2020-07-05 03:33:16.506756"
913,f_index,,1,"2020-07-05 03:33:23.847912"
914,create_get,,1,"2020-07-05 03:33:25.418893"
915,create_post,,1,"2020-07-05 03:33:47.034705"
916,supply_list,,1,"2020-07-05 03:33:47.083156"
917,delete_get,,1,"2020-07-05 03:33:48.926604"
918,delete_post,,1,"2020-07-05 03:33:50.980579"
919,supply_list,,1,"2020-07-05 03:33:51.016205"
920,f_index,,1,"2020-07-05 03:33:55.134971"
921,f_index,,1,"2020-07-05 03:36:17.434816"
922,detail,,1,"2020-07-05 03:36:25.928301"
923,create_get,,1,"2020-07-05 03:39:18.262606"
924,create_post,,1,"2020-07-05 03:40:09.666864"
925,supply_list,,1,"2020-07-05 03:40:09.707877"
926,delete_get,,1,"2020-07-05 03:40:19.746527"
927,delete_post,,1,"2020-07-05 03:40:22.171788"
928,supply_list,,1,"2020-07-05 03:40:22.206920"
929,f_index,,1,"2020-07-05 03:40:26.421732"
930,f_index,,1,"2020-07-05 03:41:03.485041"
931,f_index,,1,"2020-07-05 03:41:04.438473"
932,f_index,,1,"2020-07-05 03:41:04.873621"
933,supply_list,,1,"2020-07-05 03:41:27.610281"
934,supply_list,,1,"2020-07-05 03:41:34.193358"
935,logout,,1,"2020-07-05 03:45:30.497712"
936,login,,1,"2020-07-05 03:45:35.756718"
937,f_index,,1,"2020-07-05 03:45:38.325014"
938,supply_list,,1,"2020-07-05 03:45:40.747601"
939,supply_list,,1,"2020-07-05 03:50:30.341546"
940,logout,,1,"2020-07-05 03:52:23.656820"
941,login,,30,"2020-07-05 03:54:35.351788"
942,f_index,,30,"2020-07-05 03:54:39.983135"
943,detail,,30,"2020-07-05 03:54:42.983119"
944,logout,,30,"2020-07-05 03:54:47.894783"
945,login,,29,"2020-07-05 03:55:05.097020"
946,f_index,,29,"2020-07-05 03:55:05.135054"
947,create_get,,29,"2020-07-05 03:55:12.038303"
948,f_index,,29,"2020-07-05 03:55:14.155900"
949,supply_list,,29,"2020-07-05 03:55:15.256864"
950,supply_list,,29,"2020-07-05 03:55:27.385896"
951,supply_list,,29,"2020-07-05 03:55:32.943618"
952,f_index,,29,"2020-07-05 03:55:36.959876"
953,create_get,,29,"2020-07-05 03:55:38.540510"
954,f_index,,29,"2020-07-05 03:56:03.408410"
955,supply_list,,29,"2020-07-05 03:56:05.482524"
956,logout,,29,"2020-07-05 03:57:07.911941"
957,login,,1,"2020-07-05 03:57:10.843851"
958,supply_list,,1,"2020-07-05 03:57:21.820483"
959,farmer_reservation_list,,1,"2020-07-05 03:57:29.372906"
960,reservation_detail,,1,"2020-07-05 03:57:33.754908"
961,supply_list,,1,"2020-07-05 03:57:41.960989"
962,f_index,,1,"2020-07-05 03:57:44.302434"
963,rank,,,"2020-07-05 03:58:02.237670"
964,logout,,1,"2020-07-05 03:58:26.913410"
965,login,,1,"2020-07-05 03:59:54.292377"
966,supply_list,,1,"2020-07-05 04:00:10.731950"
967,create_get,,1,"2020-07-05 04:01:32.718248"
968,create_post,,1,"2020-07-05 04:02:05.682721"
969,supply_list,,1,"2020-07-05 04:02:05.723202"
970,f_index,,1,"2020-07-05 04:02:09.334688"
971,f_index,,1,"2020-07-05 04:18:24.187250"
972,f_index,,1,"2020-07-05 04:18:26.193587"
973,f_index,,1,"2020-07-05 04:18:27.518860"
974,supply_list,,1,"2020-07-05 04:19:58.474851"
975,farmer_reservation_list,,1,"2020-07-05 04:19:59.593843"
976,supply_list,,1,"2020-07-05 04:20:09.146230"
977,farmer_reservation_list,,1,"2020-07-05 04:20:13.773637"
978,supply_list,,1,"2020-07-05 04:20:15.670904"
979,item_reservation_list,,1,"2020-07-05 04:20:19.351978"
980,supply_list,,1,"2020-07-05 04:20:21.251880"
981,delete_get,,1,"2020-07-05 04:20:22.387706"
982,delete_post,,1,"2020-07-05 04:20:26.310871"
983,supply_list,,1,"2020-07-05 04:20:26.346252"
984,f_index,,1,"2020-07-05 04:20:29.354160"
985,f_index,,1,"2020-07-05 04:20:31.472771"
986,f_index,,1,"2020-07-05 04:20:34.688931"
987,f_index,,1,"2020-07-05 04:23:07.648565"
988,supply_list,,1,"2020-07-05 04:24:02.614598"
989,supply_list,,1,"2020-07-05 04:24:57.383023"
990,supply_list,,1,"2020-07-05 04:25:03.452377"
991,supply_list,,1,"2020-07-05 04:25:07.007709"
992,supply_list,,1,"2020-07-05 04:25:23.404768"
993,supply_list,,1,"2020-07-05 04:28:37.667662"
994,f_index,,1,"2020-07-05 04:49:34.530980"
995,rank,,,"2020-07-05 06:49:00.879864"
996,login,,17,"2020-07-05 08:32:39.033091"
997,c_index,,17,"2020-07-05 08:32:39.097655"
998,detail,,17,"2020-07-05 08:33:05.326146"
999,book_get,,17,"2020-07-05 08:33:24.563136"
1000,book_post,,17,"2020-07-05 08:33:36.206381"
1001,book_complete,,17,"2020-07-05 08:33:36.296308"
1002,reservation_list,,17,"2020-07-05 08:33:40.123441"
1003,c_index,,17,"2020-07-05 08:33:54.315676"
1004,book_get,,17,"2020-07-05 08:34:01.126586"
1005,book_post,,17,"2020-07-05 08:34:11.594276"
1006,book_complete,,17,"2020-07-05 08:34:11.675548"
1007,reservation_list,,17,"2020-07-05 08:34:26.951851"
1008,reservation_delete_get,,17,"2020-07-05 08:34:39.493910"
1009,c_index,,17,"2020-07-05 08:34:53.157315"
1010,reservation_list,,17,"2020-07-05 08:35:02.343701"
1011,reservation_detail,,17,"2020-07-05 08:35:15.472246"
1012,reservation_list,,17,"2020-07-05 08:35:34.653682"
1013,c_index,,17,"2020-07-05 08:35:41.033058"
1014,logout,,17,"2020-07-05 08:36:07.532818"
1015,login,,12,"2020-07-05 08:39:44.938051"
1016,c_index,,12,"2020-07-05 08:39:45.003344"
1017,book_get,,12,"2020-07-05 08:40:06.698570"
1018,book_failed,,12,"2020-07-05 08:40:14.541265"
1019,book_get,,12,"2020-07-05 08:40:17.422280"
1020,book_post,,12,"2020-07-05 08:40:30.095305"
1021,book_post,,12,"2020-07-05 08:40:34.803892"
1022,book_complete,,12,"2020-07-05 08:40:35.171268"
1023,reservation_list,,12,"2020-07-05 08:40:52.009245"
1024,book_get,,12,"2020-07-05 08:41:00.530171"
1025,book_get,,12,"2020-07-05 08:41:03.132270"
1026,detail,,12,"2020-07-05 08:41:08.440551"
1027,book_get,,12,"2020-07-05 08:41:11.582286"
1028,book_post,,12,"2020-07-05 08:41:21.170496"
1029,book_complete,,12,"2020-07-05 08:41:21.269313"
1030,reservation_list,,12,"2020-07-05 08:41:24.761303"
1031,book_get,,12,"2020-07-05 08:42:06.462068"
1032,c_index,,12,"2020-07-05 08:42:25.969301"
1033,c_index,,12,"2020-07-05 08:42:38.511271"
1034,book_get,,12,"2020-07-05 08:42:57.552449"
1035,book_post,,12,"2020-07-05 08:43:04.673246"
1036,book_complete,,12,"2020-07-05 08:43:04.733288"
1037,f_index,,29,"2020-07-05 09:04:35.037445"
1038,supply_list,,29,"2020-07-05 09:13:09.827672"
1039,detail,,29,"2020-07-05 09:13:32.631350"
1040,f_index,,29,"2020-07-05 09:13:37.981858"
1041,detail,,29,"2020-07-05 09:13:39.891860"
1042,f_index,,29,"2020-07-05 09:13:43.752689"
1043,detail,,29,"2020-07-05 09:13:46.289955"
1044,c_index,,13,"2020-07-05 09:13:50.279463"
1045,f_index,,29,"2020-07-05 09:13:50.527665"
1046,detail,,29,"2020-07-05 09:13:56.533461"
1047,f_index,,29,"2020-07-05 09:14:02.705139"
1048,book_get,,13,"2020-07-05 09:14:15.082954"
1049,book_post,,13,"2020-07-05 09:14:39.406475"
1050,book_complete,,13,"2020-07-05 09:14:39.502397"
1051,reservation_list,,13,"2020-07-05 09:15:01.204541"
1052,c_index,,13,"2020-07-05 09:15:05.210419"
1053,book_get,,13,"2020-07-05 09:15:30.845165"
1054,book_post,,13,"2020-07-05 09:15:40.614346"
1055,book_complete,,13,"2020-07-05 09:15:40.729953"
1056,reservation_list,,13,"2020-07-05 09:15:54.912591"
1057,c_index,,13,"2020-07-05 09:16:22.519672"
1058,supply_list,,29,"2020-07-05 09:16:42.240689"
1059,f_index,,1,"2020-07-05 09:26:25.572284"
1060,f_index,,1,"2020-07-05 09:26:52.190844"
1061,f_index,,1,"2020-07-05 09:26:54.705354"
1062,detail,,1,"2020-07-05 09:26:56.064526"
1063,f_index,,1,"2020-07-05 09:26:58.817218"
1064,detail,,1,"2020-07-05 09:27:00.714765"
1065,f_index,,1,"2020-07-05 09:27:01.963380"
1066,detail,,1,"2020-07-05 09:27:21.019126"
1067,f_index,,1,"2020-07-05 09:27:22.783863"
1068,f_index,,1,"2020-07-05 10:03:20.218110"
1069,supply_list,,1,"2020-07-05 10:03:22.445603"
1070,create_get,,1,"2020-07-05 10:03:23.695686"
1071,create_post,,1,"2020-07-05 10:03:40.902285"
1072,supply_list,,1,"2020-07-05 10:03:40.922670"
1073,delete_get,,1,"2020-07-05 10:03:43.973895"
1074,delete_post,,1,"2020-07-05 10:03:46.495345"
1075,supply_list,,1,"2020-07-05 10:03:46.525880"
1076,c_index,,21,"2020-07-05 12:19:45.312013"
1077,book_get,,21,"2020-07-05 12:20:01.236928"
1078,c_index,,21,"2020-07-05 12:20:06.328291"
1079,book_get,,21,"2020-07-05 12:20:20.608693"
1080,c_index,,21,"2020-07-05 12:20:23.687159"
1081,book_get,,21,"2020-07-05 12:20:34.561647"
1082,book_post,,21,"2020-07-05 12:20:46.160942"
1083,c_index,,21,"2020-07-05 12:20:46.169610"
1084,c_index,,21,"2020-07-05 12:20:46.252549"
1085,book_get,,21,"2020-07-05 12:21:03.053938"
1086,book_post,,21,"2020-07-05 12:21:11.370802"
1087,c_index,,21,"2020-07-05 12:21:11.379826"
1088,c_index,,21,"2020-07-05 12:21:20.464579"
1089,book_get,,21,"2020-07-05 12:21:30.416930"
1090,c_index,,21,"2020-07-05 12:21:34.706439"
1091,reservation_list,,21,"2020-07-05 12:21:37.981393"
1092,login,,3,"2020-07-05 13:58:01.350767"
1093,c_index,,3,"2020-07-05 13:58:01.400082"
1094,c_index,,3,"2020-07-05 13:59:09.333323"
1095,c_index,,3,"2020-07-05 13:59:27.800510"
1096,book_get,,3,"2020-07-05 13:59:52.735231"
1097,book_get,,3,"2020-07-05 14:00:01.287189"
1098,book_post,,3,"2020-07-05 14:00:10.726346"
1099,book_complete,,3,"2020-07-05 14:00:10.796365"
1100,reservation_list,,3,"2020-07-05 14:00:13.628525"
1101,c_index,,3,"2020-07-05 14:00:14.770651"
1102,book_get,,3,"2020-07-05 14:00:29.143097"
1103,book_post,,3,"2020-07-05 14:00:38.150557"
1104,book_complete,,3,"2020-07-05 14:00:38.192783"
1105,reservation_list,,3,"2020-07-05 14:00:40.012157"
1106,c_index,,3,"2020-07-05 14:00:41.072371"
1107,book_get,,3,"2020-07-05 14:00:52.528264"
1108,book_post,,3,"2020-07-05 14:01:02.930699"
1109,book_failed,,3,"2020-07-05 14:01:02.991172"
1110,book_get,,3,"2020-07-05 14:01:07.625236"
1111,c_index,,3,"2020-07-05 14:01:17.316247"
1112,book_get,,3,"2020-07-05 14:01:23.038685"
1113,c_index,,3,"2020-07-05 14:01:32.849768"
1114,book_get,,3,"2020-07-05 14:01:46.089618"
1115,book_post,,3,"2020-07-05 14:01:59.137017"
1116,book_complete,,3,"2020-07-05 14:01:59.189984"
1117,reservation_list,,3,"2020-07-05 14:02:01.141485"
1118,c_index,,3,"2020-07-05 14:02:03.193782"
1119,book_get,,3,"2020-07-05 14:02:09.883364"
1120,book_post,,3,"2020-07-05 14:02:18.473579"
1121,book_complete,,3,"2020-07-05 14:02:18.507420"
1122,reservation_list,,3,"2020-07-05 14:02:19.894749"
1123,c_index,,3,"2020-07-05 14:02:20.986641"
1124,c_index,,3,"2020-07-05 14:02:33.135606"
1125,book_get,,3,"2020-07-05 14:02:44.733823"
1126,book_post,,3,"2020-07-05 14:02:59.608765"
1127,book_complete,,3,"2020-07-05 14:02:59.656720"
1128,reservation_list,,3,"2020-07-05 14:03:01.167653"
1129,c_index,,3,"2020-07-05 14:03:02.022843"
1130,book_get,,3,"2020-07-05 14:03:09.652788"
1131,book_post,,3,"2020-07-05 14:03:19.374665"
1132,book_complete,,3,"2020-07-05 14:03:19.418015"
1133,reservation_list,,3,"2020-07-05 14:03:20.941054"
1134,reservation_list,,3,"2020-07-05 14:03:34.156493"
1135,reservation_list,,3,"2020-07-05 14:04:06.329725"
1136,logout,,3,"2020-07-05 14:04:18.396290"
1137,c_index,,7,"2020-07-05 14:08:20.971239"
1138,book_get,,7,"2020-07-05 14:08:52.461432"
1139,book_post,,7,"2020-07-05 14:09:02.512176"
1140,book_complete,,7,"2020-07-05 14:09:03.738430"
1141,reservation_list,,7,"2020-07-05 14:09:08.012153"
1142,c_index,,7,"2020-07-05 14:10:54.586783"
1143,book_get,,7,"2020-07-05 14:11:15.336133"
1144,book_post,,7,"2020-07-05 14:11:26.462500"
1145,book_post,,7,"2020-07-05 14:11:31.768580"
1146,book_complete,,7,"2020-07-05 14:11:33.290058"
1147,reservation_list,,7,"2020-07-05 14:11:42.500548"
1148,book_get,,7,"2020-07-05 14:11:48.642960"
1149,login,,8,"2020-07-05 14:38:31.254355"
1150,c_index,,8,"2020-07-05 14:38:57.956275"
1151,detail,,8,"2020-07-05 14:39:35.286012"
1152,book_get,,8,"2020-07-05 14:39:40.203244"
1153,book_post,,8,"2020-07-05 14:39:48.324163"
1154,book_complete,,8,"2020-07-05 14:39:48.457038"
1155,reservation_list,,8,"2020-07-05 14:39:50.477512"
1156,c_index,,8,"2020-07-05 14:40:33.688635"
1157,book_get,,8,"2020-07-05 14:40:54.319315"
1158,book_post,,8,"2020-07-05 14:41:01.299556"
1159,book_post,,8,"2020-07-05 14:41:06.025850"
1160,book_complete,,8,"2020-07-05 14:41:06.123203"
1161,reservation_list,,8,"2020-07-05 14:41:09.964825"
1162,c_index,,8,"2020-07-05 14:41:20.218391"
1163,c_index,,8,"2020-07-05 14:41:28.620340"
1164,book_get,,8,"2020-07-05 14:41:54.601255"
1165,c_index,,8,"2020-07-05 14:41:58.732719"
1166,book_get,,8,"2020-07-05 14:42:03.079592"
1167,book_post,,8,"2020-07-05 14:42:19.697578"
1168,book_complete,,8,"2020-07-05 14:42:19.804831"
1169,reservation_list,,8,"2020-07-05 14:42:22.011308"
1170,f_index,,1,"2020-07-05 15:12:07.932556"
